{
    "name": "root",
    "gauges": {
        "Brain7.Policy.Entropy.mean": {
            "value": 1.381743311882019,
            "min": 1.381743311882019,
            "max": 1.4187803268432617,
            "count": 10
        },
        "Brain7.Policy.Entropy.sum": {
            "value": 69018.078125,
            "min": 69018.078125,
            "max": 71577.46875,
            "count": 10
        },
        "Brain7.Environment.EpisodeLength.mean": {
            "value": 14.454236239950525,
            "min": 13.952737062518695,
            "max": 17.950378787878787,
            "count": 10
        },
        "Brain7.Environment.EpisodeLength.sum": {
            "value": 46745.0,
            "min": 46644.0,
            "max": 47389.0,
            "count": 10
        },
        "Brain7.Step.mean": {
            "value": 499990.0,
            "min": 49994.0,
            "max": 499990.0,
            "count": 10
        },
        "Brain7.Step.sum": {
            "value": 499990.0,
            "min": 49994.0,
            "max": 499990.0,
            "count": 10
        },
        "Brain7.Policy.ExtrinsicValueEstimate.mean": {
            "value": -18.989665985107422,
            "min": -19.066972732543945,
            "max": -10.002898216247559,
            "count": 10
        },
        "Brain7.Policy.ExtrinsicValueEstimate.sum": {
            "value": -61431.5703125,
            "min": -63740.890625,
            "max": -26387.646484375,
            "count": 10
        },
        "Brain7.Environment.CumulativeReward.mean": {
            "value": -20.361669242658422,
            "min": -22.844270592661317,
            "max": -20.230197337085247,
            "count": 10
        },
        "Brain7.Environment.CumulativeReward.sum": {
            "value": -65870.0,
            "min": -67629.54969787598,
            "max": -60263.18582344055,
            "count": 10
        },
        "Brain7.Policy.ExtrinsicReward.mean": {
            "value": -20.361669242658422,
            "min": -22.844270592661317,
            "max": -20.230197337085247,
            "count": 10
        },
        "Brain7.Policy.ExtrinsicReward.sum": {
            "value": -65870.0,
            "min": -67629.54969787598,
            "max": -60263.18582344055,
            "count": 10
        },
        "Brain7.Losses.PolicyLoss.mean": {
            "value": 0.02287523771791409,
            "min": 0.022650159883002438,
            "max": 0.02607103374476234,
            "count": 10
        },
        "Brain7.Losses.PolicyLoss.sum": {
            "value": 0.11437618858957044,
            "min": 0.10362133445839086,
            "max": 0.1303551687238117,
            "count": 10
        },
        "Brain7.Losses.ValueLoss.mean": {
            "value": 1.9724161088466645,
            "min": 1.2984222002824146,
            "max": 44.88950374523799,
            "count": 10
        },
        "Brain7.Losses.ValueLoss.sum": {
            "value": 9.862080544233322,
            "min": 6.053349743286768,
            "max": 179.55801498095195,
            "count": 10
        },
        "Brain7.Policy.LearningRate.mean": {
            "value": 1.696125434628e-05,
            "min": 1.696125434628e-05,
            "max": 0.00028460985513004995,
            "count": 10
        },
        "Brain7.Policy.LearningRate.sum": {
            "value": 8.48062717314e-05,
            "min": 8.48062717314e-05,
            "max": 0.0012845208718264,
            "count": 10
        },
        "Brain7.Policy.Epsilon.mean": {
            "value": 0.10565372000000002,
            "min": 0.10565372000000002,
            "max": 0.19486995000000001,
            "count": 10
        },
        "Brain7.Policy.Epsilon.sum": {
            "value": 0.5282686000000001,
            "min": 0.4595146000000001,
            "max": 0.9281736000000002,
            "count": 10
        },
        "Brain7.Policy.Beta.mean": {
            "value": 0.00029212062799999997,
            "min": 0.00029212062799999997,
            "max": 0.004744010505,
            "count": 10
        },
        "Brain7.Policy.Beta.sum": {
            "value": 0.0014606031399999999,
            "min": 0.0014606031399999999,
            "max": 0.02141586264,
            "count": 10
        },
        "Brain7.IsTraining.mean": {
            "value": 1.0,
            "min": 1.0,
            "max": 1.0,
            "count": 10
        },
        "Brain7.IsTraining.sum": {
            "value": 1.0,
            "min": 1.0,
            "max": 1.0,
            "count": 10
        }
    },
    "metadata": {
        "timer_format_version": "0.1.0",
        "start_time_seconds": "1623063083",
        "python_version": "3.7.9 (tags/v3.7.9:13c94747c7, Aug 17 2020, 18:58:18) [MSC v.1900 64 bit (AMD64)]",
        "command_line_arguments": "F:\\Studia online\\Sem 4\\SI\\NN\\carNN\\venv\\Scripts\\mlagents-learn --run-id=brain7",
        "mlagents_version": "0.26.0",
        "mlagents_envs_version": "0.26.0",
        "communication_protocol_version": "1.5.0",
        "pytorch_version": "1.7.1+cu110",
        "numpy_version": "1.20.3",
        "end_time_seconds": "1623063766"
    },
    "total": 682.9826177,
    "count": 1,
    "self": 0.026118500000052336,
    "children": {
        "run_training.setup": {
            "total": 0.14118560000000002,
            "count": 1,
            "self": 0.14118560000000002
        },
        "TrainerController.start_learning": {
            "total": 682.8153136,
            "count": 1,
            "self": 0.9405141000061121,
            "children": {
                "TrainerController._reset_env": {
                    "total": 15.966205299999999,
                    "count": 1,
                    "self": 15.966205299999999
                },
                "TrainerController.advance": {
                    "total": 665.8492313999939,
                    "count": 29083,
                    "self": 0.9446823999924163,
                    "children": {
                        "env_step": {
                            "total": 454.2659440000035,
                            "count": 29083,
                            "self": 433.06147670000814,
                            "children": {
                                "SubprocessEnvManager._take_step": {
                                    "total": 20.698951799999282,
                                    "count": 29083,
                                    "self": 1.313998899998218,
                                    "children": {
                                        "TorchPolicy.evaluate": {
                                            "total": 19.384952900001064,
                                            "count": 10008,
                                            "self": 7.940511899999088,
                                            "children": {
                                                "TorchPolicy.sample_actions": {
                                                    "total": 11.444441000001977,
                                                    "count": 10008,
                                                    "self": 11.444441000001977
                                                }
                                            }
                                        }
                                    }
                                },
                                "workers": {
                                    "total": 0.5055154999960934,
                                    "count": 29083,
                                    "self": 0.0,
                                    "children": {
                                        "worker_root": {
                                            "total": 667.372237100002,
                                            "count": 29083,
                                            "is_parallel": true,
                                            "self": 285.3627113999989,