{"count":1,"self":27.5649184,"total":44.6313665,"children":{"InitializeActuators":{"count":50,"self":0.0020303,"total":0.0020303,"children":null},"InitializeSensors":{"count":50,"self":0.00099969999999999985,"total":0.00099969999999999985,"children":null},"AgentSendState":{"count":2363,"self":0.0939473,"total":0.8347648,"children":{"CollectObservations":{"count":23650,"self":0.43789239999999996,"total":0.43789239999999996,"children":null},"WriteActionMask":{"count":23650,"self":0.021992599999999998,"total":0.021992599999999998,"children":null},"RequestDecision":{"count":23650,"self":0.0679917,"total":0.2809325,"children":{"AgentInfo.ToProto":{"count":23650,"self":0.060997699999999995,"total":0.21294079999999999,"children":{"GenerateSensorData":{"count":23650,"self":0.1519431,"total":0.1519431,"children":null}}}}}}},"DecideAction":{"count":2363,"self":15.9176992,"total":15.917699599999999,"children":null},"AgentAct":{"count":2363,"self":0.2959572,"total":0.2959572,"children":null},"AgentInfo.ToProto":{"count":693,"self":0.0030003,"total":0.0139966,"children":{"GenerateSensorData":{"count":693,"self":0.010996299999999999,"total":0.010996299999999999,"children":null}}}},"gauges":{"demo.CumulativeReward":{"count":693,"max":19.639183,"min":-76.41085,"runningAverage":-19.7140255,"value":-27.376543,"weightedAverage":-15.5576687}},"metadata":{"timer_format_version":"0.1.0","start_time_seconds":"1623235176","unity_version":"2021.1.9f1","command_line_arguments":"F:\\Unity\\2021.1.9f1\\Editor\\Unity.exe -projectpath F:\/Studia online\/Sem 4\/SI\/NN\/carNN -useHub -hubIPC -cloudEnvironment production -hubSessionId 622ff930-c906-11eb-8136-a7aa363159a9 -accessToken SW0q9Uu8uPsdBENHGA276yt1D3m_K9AD-F6H24HhUJ0012f","communication_protocol_version":"1.5.0","com.unity.ml-agents_version":"2.0.0-pre.3","scene_name":"OnTrack","end_time_seconds":"1623235220"}}