{
    "name": "root",
    "metadata": {
        "timer_format_version": "0.1.0",
        "start_time_seconds": "1623086676",
        "python_version": "3.7.9 (tags/v3.7.9:13c94747c7, Aug 17 2020, 18:58:18) [MSC v.1900 64 bit (AMD64)]",
        "command_line_arguments": "F:\\Studia online\\Sem 4\\SI\\NN\\carNN\\venv\\Scripts\\mlagents-learn config/BrainBest.yaml --initialize-from=brainBest",
        "mlagents_version": "0.26.0",
        "mlagents_envs_version": "0.26.0",
        "communication_protocol_version": "1.5.0",
        "pytorch_version": "1.7.1+cu110",
        "numpy_version": "1.20.3",
        "end_time_seconds": "1623086711"
    },
    "total": 34.1781472,
    "count": 1,
    "self": 0.006450599999993756,
    "children": {
        "run_training.setup": {
            "total": 0.12457950000000007,
            "count": 1,
            "self": 0.12457950000000007
        },
        "TrainerController.start_learning": {
            "total": 34.0471171,
            "count": 1,
            "self": 0.009292099999974823,
            "children": {
                "TrainerController._reset_env": {
                    "total": 11.2366849,
                    "count": 1,
                    "self": 11.2366849
                },
                "TrainerController.advance": {
                    "total": 22.66295980000002,
                    "count": 319,
                    "self": 0.008056000000053132,
                    "children": {
                        "env_step": {
                            "total": 4.127632199999976,
                            "count": 319,
                            "self": 3.561767900000005,
                            "children": {
                                "SubprocessEnvManager._take_step": {
                                    "total": 0.5613791999999833,
                                    "count": 319,
                                    "self": 0.015793099999987348,
                                    "children": {
                                        "TorchPolicy.evaluate": {
                                            "total": 0.545586099999996,
                                            "count": 142,
                                            "self": 0.10755410000000509,
                                            "children": {
                                                "TorchPolicy.sample_actions": {
                                                    "total": 0.4380319999999909,
                                                    "count": 142,
                                                    "self": 0.4380319999999909
                                                }
                                            }
                                        }
                                    }
                                },
                                "workers": {
                                    "total": 0.004485099999987696,
                                    "count": 318,
                                    "self": 0.0,
                                    "children": {
                                        "worker_root": {
                                            "total": 24.21042060000003,
                                            "count": 318,
                                            "is_parallel": true,
                                            "self": 21.20873529999995,
                                            "children": {
                                                "steps_from_proto": {
                                                    "total": 0.0006605000000003969,
                                                    "count": 1,
                                                    "is_parallel": true,
                                                    "self": 0.0002033999999984104,
                                                    "children": {
                                                        "_process_rank_one_or_two_observation": {
                                                            "total": 0.00045710000000198647,
                                                            "count": 2,
                                                            "is_parallel": true,
                                                            "self": 0.00045710000000198647
                                                        }
                                                    }
                                                },
                                                "UnityEnvironment.step": {
                                                    "total": 3.0010248000000814,
                                                    "count": 318,
                                                    "is_parallel": true,
                                                    "self": 0.05866720000007497,
                                                    "children": {
                                                        "UnityEnvironment._generate_step_input": {
                                                            "total": 0.10733220000000365,
                                                            "count": 318,
                                                            "is_parallel": true,
                                                            "self": 0.10733220000000365
                                                        },
                                                        "communicator.exchange": {
                                                            "total": 2.7104424000000282,
                                                            "count": 318,
                                                            "is_parallel": true,
                                                            "self": 2.7104424000000282
                                                        },
                                                        "steps_from_proto": {
                                                            "total": 0.12458299999997458,
                                                            "count": 318,
                                                            "is_parallel": true,
                                                            "self": 0.051816400000003426,
                                                            "children": {
                                                                "_process_rank_one_or_two_observation": {
                                                                    "total": 0.07276659999997115,
                                                                    "count": 636,
                                                                    "is_parallel": true,
                                                                    "self": 0.07276659999997115
                                                                }
                                                            }
                                                        }
                                                    }
                                                }
                                            }
                                        }
                                    }
                                }
                            }
                        },
                        "trainer_advance": {
                            "total": 18.52727159999999,
                            "count": 318,
                            "self": 0.009564099999980868,
                            "children": {
                                "process_trajectory": {
                                    "total": 1.3204723000000094,
                                    "count": 318,
                                    "self": 1.3204723000000094
                                },