{
    "name": "root",
    "gauges": {
        "Brain4.Policy.Entropy.mean": {
            "value": 1.3174208402633667,
            "min": 1.3174208402633667,
            "max": 1.4129375219345093,
            "count": 10
        },
        "Brain4.Policy.Entropy.sum": {
            "value": 66266.265625,
            "min": 65826.1171875,
            "max": 72695.6328125,
            "count": 10
        },
        "Brain4.Step.mean": {
            "value": 499990.0,
            "min": 49980.0,
            "max": 499990.0,
            "count": 10
        },
        "Brain4.Step.sum": {
            "value": 499990.0,
            "min": 49980.0,
            "max": 499990.0,
            "count": 10
        },
        "Brain4.Policy.ExtrinsicValueEstimate.mean": {
            "value": -21.246110916137695,
            "min": -219.47857666015625,
            "max": -21.246110916137695,
            "count": 10
        },
        "Brain4.Policy.ExtrinsicValueEstimate.sum": {
            "value": -23434.4609375,
            "min": -228693.625,
            "max": -23434.4609375,
            "count": 10
        },
        "Brain4.Environment.EpisodeLength.mean": {
            "value": 44.82051282051282,
            "min": 27.804794520547944,
            "max": 212.21153846153845,
            "count": 10
        },
        "Brain4.Environment.EpisodeLength.sum": {
            "value": 48944.0,
            "min": 44140.0,
            "max": 51424.0,
            "count": 10
        },
        "Brain4.Environment.CumulativeReward.mean": {
            "value": -15.153391975186247,
            "min": -1172.863772208874,
            "max": -15.153391975186247,
            "count": 10
        },
        "Brain4.Environment.CumulativeReward.sum": {
            "value": -16547.50403690338,
            "min": -243955.6646194458,
            "max": -16547.50403690338,
            "count": 10
        },
        "Brain4.Policy.ExtrinsicReward.mean": {
            "value": -15.153391975186247,
            "min": -1172.863772208874,
            "max": -15.153391975186247,
            "count": 10
        },
        "Brain4.Policy.ExtrinsicReward.sum": {
            "value": -16547.50403690338,
            "min": -243955.6646194458,
            "max": -16547.50403690338,
            "count": 10
        },
        "Brain4.Losses.PolicyLoss.mean": {
            "value": 0.024592760247178377,
            "min": 0.02391577694254617,
            "max": 0.025143914408981803,
            "count": 10
        },
        "Brain4.Losses.PolicyLoss.sum": {
            "value": 0.12296380123589189,
            "min": 0.09919827852087718,
            "max": 0.12571957204490902,
            "count": 10
        },
        "Brain4.Losses.ValueLoss.mean": {
            "value": 63.79322052001953,
            "min": 63.79322052001953,
            "max": 3768.1417106119793,
            "count": 10
        },
        "Brain4.Losses.ValueLoss.sum": {
            "value": 318.96610260009766,
            "min": 318.96610260009766,
            "max": 18840.708553059896,
            "count": 10
        },
        "Brain4.Policy.LearningRate.mean": {
            "value": 1.4488535170519997e-05,
            "min": 1.4488535170519997e-05,
            "max": 0.00028276350574549995,
            "count": 10
        },
        "Brain4.Policy.LearningRate.sum": {
            "value": 7.244267585259998e-05,
            "min": 7.244267585259998e-05,
            "max": 0.0012734034755321998,
            "count": 10
        },
        "Brain4.Policy.Epsilon.mean": {
            "value": 0.10482948000000003,
            "min": 0.10482948000000003,
            "max": 0.19425449999999997,
            "count": 10
        },
        "Brain4.Policy.Epsilon.sum": {
            "value": 0.5241474000000002,
            "min": 0.5241474000000002,
            "max": 0.9244678000000001,
            "count": 10
        },
        "Brain4.Policy.Beta.mean": {
            "value": 0.00025099105200000006,
            "min": 0.00025099105200000006,
            "max": 0.004713299550000001,
            "count": 10
        },
        "Brain4.Policy.Beta.sum": {
            "value": 0.0012549552600000004,
            "min": 0.0012549552600000004,
            "max": 0.021230943219999996,
            "count": 10
        },
        "Brain4.IsTraining.mean": {
            "value": 1.0,
            "min": 1.0,
            "max": 1.0,
            "count": 10
        },
        "Brain4.IsTraining.sum": {
            "value": 1.0,
            "min": 1.0,
            "max": 1.0,
            "count": 10
        }
    },
    "metadata": {
        "timer_format_version": "0.1.0",
        "start_time_seconds": "1623017579",
        "python_version": "3.7.9 (tags/v3.7.9:13c94747c7, Aug 17 2020, 18:58:18) [MSC v.1900 64 bit (AMD64)]",
        "command_line_arguments": "F:\\Studia online\\Sem 4\\SI\\NN\\carNN\\venv\\Scripts\\mlagents-learn --run-id=brain4 --force",
        "mlagents_version": "0.26.0",
        "mlagents_envs_version": "0.26.0",
        "communication_protocol_version": "1.5.0",
        "pytorch_version": "1.7.1+cu110",
        "numpy_version": "1.20.3",
        "end_time_seconds": "1623018246"
    },
    "total": 666.9244822,
    "count": 1,
    "self": 0.032730200000059995,
    "children": {
        "run_training.setup": {
            "total": 0.11806359999999994,
            "count": 1,
            "self": 0.11806359999999994
        },
        "TrainerController.start_learning": {
            "total": 666.7736884,
            "count": 1,
            "self": 0.6877533999967227,
            "children": {
                "TrainerController._reset_env": {
                    "total": 11.037809300000001,
                    "count": 1,
                    "self": 11.037809300000001
                },
                "TrainerController.advance": {
                    "total": 654.9692740000033,
                    "count": 17689,
                    "self": 0.7170428999921796,
                    "children": {
                        "env_step": {
                            "total": 471.4532026000077,
                            "count": 17689,
                            "self": 447.3394282000031,
                            "children": {
                                "SubprocessEnvManager._take_step": {
                                    "total": 23.759974800004336,
                                    "count": 17689,
                                    "self": 1.3583835000055267,
                                    "children": {
                                        "TorchPolicy.evaluate": {
                                            "total": 22.40159129999881,
                                            "count": 10025,
                                            "self": 9.273345699999462,
                                            "children": {
                                                "TorchPolicy.sample_actions": {
                                                    "total": 13.128245599999348,
                                                    "count": 10025,
                                                    "self": 13.128245599999348
                                                }
                                            }
                                        }
                                    }
                                },
                                "workers": {
                                    "total": 0.353799600000249,
                                    "count": 17689,
                                    "self": 0.0,
                                    "children": {
                                        "worker_root": {
                                            "total": 656.4602333000022,
                                            "count": 17689,
                                            "is_parallel": true,
                                            "self": 255.95247389999497,